,index,Date,Temperature,Weather Condition
0,205,2016-02-12,20.53,Mostly Cloudy
1,62,2016-02-17,32.76,Overcast
2,147,2016-03-03,34.11,Partly Cloudy
3,78,2016-04-04,50.96,Light Rain
4,203,2016-04-08,39.39,Overcast
5,201,2016-04-10,32.63,Overcast
6,202,2016-04-12,47.32,Clear
7,204,2016-04-13,48.68,Clear
8,72,2016-04-24,61.07,Clear
9,192,2016-04-28,55.72,Light Rain
10,20,2016-07-02,71.12,Clear
11,48,2016-07-07,75.49,Overcast
12,57,2016-07-09,81.09,Mostly Cloudy
13,53,2016-07-11,82.07,Clear
14,21,2016-07-14,84.1,Partly Cloudy
15,56,2016-07-16,78.5,Partly Cloudy
16,80,2016-07-18,78.84,Mostly Cloudy
17,64,2016-07-20,78.56,Clear
18,65,2016-07-22,76.98,Overcast
19,19,2016-07-25,89.61,Humid and Mostly Cloudy
20,58,2016-07-26,83.7,Clear
21,61,2016-07-29,77.43,Overcast
22,43,2016-08-01,82.15,Mostly Cloudy
23,18,2016-08-02,82.64,Partly Cloudy
24,1,2016-08-03,82.5,Partly Cloudy
25,30,2016-08-04,80.46,Mostly Cloudy
26,2,2016-08-05,82.72,Mostly Cloudy
27,3,2016-08-06,80.12,Overcast
28,7,2016-08-07,80.16,Clear
29,39,2016-08-08,76.72,Clear
30,37,2016-08-09,84.44,Mostly Cloudy
31,38,2016-08-10,86.24,Humid
32,6,2016-08-11,86.65,Humid and Mostly Cloudy
33,12,2016-08-12,85.38,Humid and Mostly Cloudy
34,8,2016-08-13,86.77,Humid and Mostly Cloudy
35,29,2016-08-14,82.09,Humid and Overcast
36,4,2016-08-15,77.94,Drizzle
37,5,2016-08-16,84.5,Humid and Partly Cloudy
38,24,2016-08-17,77,Overcast
39,32,2016-08-18,79.68,Mostly Cloudy
40,42,2016-08-19,81.56,Mostly Cloudy
41,27,2016-08-20,81.36,Humid and Mostly Cloudy
42,10,2016-08-21,75.8,Mostly Cloudy
43,9,2016-08-22,72.73,Mostly Cloudy
44,44,2016-08-23,78.45,Partly Cloudy
45,0,2016-08-24,80.46,Clear
46,45,2016-08-25,81.85,Humid and Overcast
47,34,2016-08-26,83.57,Humid and Mostly Cloudy
48,11,2016-08-27,85.19,Clear
49,26,2016-08-28,86.8,Humid
50,14,2016-08-29,75.44,Overcast
51,15,2016-08-30,80.93,Clear
52,17,2016-08-31,78.68,Mostly Cloudy
53,22,2016-09-01,73.89,Partly Cloudy
54,52,2016-09-02,72.77,Clear
55,40,2016-09-03,74.71,Clear
56,59,2016-09-04,78.41,Clear
57,41,2016-09-05,79.73,Clear
58,33,2016-09-06,82.89,Clear
59,28,2016-09-07,84.41,Humid and Mostly Cloudy
60,54,2016-09-08,85.01,Humid and Partly Cloudy
61,25,2016-09-09,78.28,Overcast
62,51,2016-09-10,85.46,Clear
63,60,2016-09-11,70.31,Mostly Cloudy
64,50,2016-09-12,76.46,Clear
65,13,2016-09-13,80.22,Clear
66,16,2016-09-14,80.63,Clear
67,46,2016-09-15,72.94,Clear
68,47,2016-09-16,77.48,Mostly Cloudy
69,55,2016-09-17,75.79,Mostly Cloudy
70,35,2016-09-18,71.46,Overcast
71,36,2016-09-19,71.83,Overcast
72,49,2016-09-20,79.34,Clear
73,23,2016-09-21,80.22,Clear
74,66,2016-09-22,80.67,Clear
75,31,2016-09-23,82.46,Clear
76,67,2016-09-24,69.45,Overcast
77,69,2016-09-25,69.25,Clear
78,68,2016-09-26,78.95,Clear
79,70,2016-09-27,67.75,Clear
80,71,2016-09-28,71.23,Clear
81,76,2016-09-29,65.94,Overcast
82,75,2016-09-30,65.4,Overcast
83,73,2016-10-01,70.24,Overcast
84,74,2016-10-02,63.66,Overcast
85,77,2016-10-03,64.74,Partly Cloudy
86,79,2016-10-04,69.66,Clear
87,82,2016-10-05,68.89,Clear
88,81,2016-10-06,70.11,Clear
89,85,2016-10-07,72.5,Clear
90,84,2016-10-08,62.95,Overcast
91,83,2016-10-09,56.61,Mostly Cloudy
92,87,2016-10-10,54.19,Clear
93,86,2016-10-11,62.84,Clear
94,88,2016-10-12,68.26,Clear
95,89,2016-10-13,56.64,Drizzle
96,91,2016-10-14,54.47,Clear
97,90,2016-10-15,67.86,Clear
98,99,2016-10-16,72.49,Clear
99,92,2016-10-17,71.93,Mostly Cloudy
100,93,2016-10-18,77.32,Clear
101,94,2016-10-19,73.18,Mostly Cloudy
102,104,2016-10-20,77.93,Clear
103,100,2016-10-21,55.37,Light Rain
104,98,2016-10-22,45.37,Overcast
105,95,2016-10-23,57.64,Clear
106,97,2016-10-24,56.66,Overcast
107,96,2016-10-25,51.25,Mostly Cloudy
108,102,2016-10-26,49.95,Clear
109,103,2016-10-27,61.62,Drizzle
110,101,2016-10-28,49.11,Overcast
111,105,2016-10-29,69.09,Clear
112,106,2016-10-30,72.15,Clear
113,108,2016-10-31,51.35,Clear
114,107,2016-11-01,68.66,Mostly Cloudy
115,109,2016-11-02,74.12,Clear
116,110,2016-11-03,63.69,Overcast
117,112,2016-11-04,53.96,Clear
118,114,2016-11-05,54.61,Clear
119,111,2016-11-06,59.47,Clear
120,115,2016-11-07,64.26,Clear
121,113,2016-11-08,64.64,Clear
122,117,2016-11-09,50.35,Overcast
123,116,2016-11-10,54.08,Clear
124,119,2016-11-11,56.25,Mostly Cloudy
125,118,2016-11-12,43.84,Clear
126,121,2016-11-13,50.91,Clear
127,120,2016-11-14,54.77,Clear
128,122,2016-11-15,55.6,Clear
129,124,2016-11-16,55.56,Overcast
130,123,2016-11-17,55.21,Clear
131,125,2016-11-18,69.91,Clear
132,128,2016-11-19,38.06,Rain
133,126,2016-11-20,32.82,Overcast
134,135,2016-11-21,32.55,Overcast
135,136,2016-11-22,36.35,Mostly Cloudy
136,129,2016-11-23,44.73,Clear
137,142,2016-11-24,51.46,Overcast
138,137,2016-11-25,45.68,Overcast
139,138,2016-11-26,40.13,Overcast
140,127,2016-11-27,43.34,Overcast
141,134,2016-11-28,47.26,Mostly Cloudy
142,131,2016-11-29,59.9,Overcast
143,130,2016-11-30,56.75,Drizzle
144,132,2016-12-01,40.48,Overcast
145,133,2016-12-02,37.81,Overcast
146,143,2016-12-03,37.38,Overcast
147,139,2016-12-04,39.75,Clear
148,141,2016-12-05,42.1,Overcast
149,140,2016-12-06,40.45,Light Rain
150,144,2016-12-07,39.67,Clear
151,146,2016-12-08,33.92,Overcast
152,145,2016-12-09,26.08,Overcast
153,151,2016-12-10,26.96,Overcast
154,150,2016-12-11,30.6,Overcast
155,149,2016-12-12,41.44,Overcast
156,148,2016-12-13,32.61,Foggy
157,153,2016-12-14,27.16,Clear
158,152,2016-12-15,13.29,Overcast
159,154,2016-12-16,14.61,Overcast
160,156,2016-12-17,35.57,Overcast
161,169,2016-12-18,31.55,Overcast
162,155,2016-12-19,26.87,Mostly Cloudy
163,157,2016-12-20,31.97,Clear
164,158,2016-12-21,36.54,Clear
165,160,2016-12-22,38.42,Overcast
166,162,2016-12-23,37.99,Clear
167,170,2016-12-24,46.91,Overcast
168,177,2016-12-25,40.23,Overcast
169,165,2016-12-26,57.92,Overcast
170,164,2016-12-27,47.49,Clear
171,159,2016-12-28,38.73,Partly Cloudy
172,161,2016-12-29,40.94,Overcast
173,175,2016-12-30,32.17,Overcast
174,166,2016-12-31,42.29,Overcast
175,168,2017-01-01,42.08,Clear
176,163,2017-01-02,47.69,Foggy
177,171,2017-01-03,46.65,Rain
178,172,2017-01-04,38.26,Mostly Cloudy
179,174,2017-01-05,23.8,Overcast
180,173,2017-01-06,16.87,Partly Cloudy
181,176,2017-01-07,16.01,Overcast
182,184,2017-01-08,15.97,Mostly Cloudy
183,178,2017-01-09,21.75,Overcast
184,179,2017-01-10,38.78,Overcast
185,180,2017-01-11,53.48,Clear
186,181,2017-01-12,65.85,Overcast
187,182,2017-01-13,35.99,Mostly Cloudy
188,183,2017-01-14,35,Overcast
189,187,2017-01-15,34.62,Clear
190,188,2017-01-16,36.74,Overcast
191,185,2017-01-17,58.26,Overcast
192,186,2017-01-18,42.19,Overcast
193,189,2017-01-19,40.95,Overcast
194,190,2017-01-20,51.77,Overcast
195,191,2017-01-21,63.13,Clear
196,195,2017-01-22,57.67,Overcast
197,193,2017-01-23,44.66,Light Rain
198,194,2017-01-24,40.57,Overcast
199,196,2017-01-25,49.03,Clear
200,199,2017-01-26,38.11,Overcast
201,200,2017-01-27,32.84,Overcast
202,197,2017-01-28,32.27,Overcast
203,206,2017-01-29,32.06,Overcast
204,207,2017-01-30,27.85,Overcast
205,208,2017-01-31,40.02,Overcast
206,209,2017-02-01,36.83,Light Snow
207,210,2017-02-02,34.51,Overcast
208,212,2017-02-03,26.69,Partly Cloudy
209,211,2017-02-04,28.3,Clear
210,215,2017-02-05,39.94,Overcast
211,216,2017-02-06,48.49,Clear
212,213,2017-02-07,58.73,Drizzle
213,214,2017-02-08,46.25,Overcast
214,218,2017-02-09,25.8,Foggy
215,217,2017-02-10,24.46,Overcast
216,220,2017-02-11,53.51,Clear
217,219,2017-02-12,59.99,Drizzle
218,221,2017-02-13,36.1,Overcast
219,222,2017-02-14,44.03,Clear
220,223,2017-02-15,35.74,Overcast
221,224,2017-02-16,28.02,Overcast
222,225,2017-02-17,47.47,Clear
223,226,2017-02-18,62.59,Clear
224,227,2017-02-19,56,Mostly Cloudy
225,228,2017-02-20,55.29,Clear
226,229,2017-02-21,64.11,Clear
227,230,2017-02-22,63.59,Overcast
228,231,2017-02-23,67.31,Mostly Cloudy
229,232,2017-02-24,74.17,Clear
230,233,2017-02-25,48.1,Overcast
231,234,2017-02-26,33.36,Overcast
232,238,2017-02-27,46.13,Overcast
233,236,2017-02-28,55.72,Overcast
234,237,2017-03-01,54.83,Rain
235,235,2017-03-02,37.09,Overcast
236,241,2017-03-03,30.95,Overcast
237,239,2017-03-04,31.67,Clear
238,243,2017-03-05,39.71,Clear
239,240,2017-03-06,55.15,Overcast
240,242,2017-03-07,58.42,Drizzle
241,245,2017-03-08,54.17,Clear
242,244,2017-03-09,55.34,Clear
243,249,2017-03-10,33.32,Light Snow
244,246,2017-03-11,23.8,Mostly Cloudy
245,247,2017-03-12,27.65,Overcast
246,248,2017-03-13,35.38,Clear
247,250,2017-03-14,25.53,Overcast
248,251,2017-03-15,21.93,Overcast
249,253,2017-03-16,29.51,Overcast
250,252,2017-03-17,41.8,Clear
251,255,2017-03-18,42.63,Overcast
252,254,2017-03-19,40.43,Overcast
253,256,2017-03-20,46.16,Partly Cloudy
254,257,2017-03-21,51.21,Mostly Cloudy
255,258,2017-03-22,33.99,Clear
256,259,2017-03-23,39.72,Clear
257,260,2017-03-24,62.91,Partly Cloudy
258,261,2017-03-25,70.68,Mostly Cloudy
259,263,2017-03-26,65.74,Partly Cloudy
260,262,2017-03-27,64.13,Overcast
261,264,2017-03-28,59.97,Overcast
262,265,2017-03-29,52.78,Mostly Cloudy
263,266,2017-03-30,52.43,Overcast
264,267,2017-03-31,53.56,Light Rain
265,268,2017-04-01,41.93,Overcast
266,269,2017-04-02,50.19,Clear
267,270,2017-04-03,70.23,Mostly Cloudy
268,271,2017-04-04,62.66,Overcast
269,272,2017-04-05,57.92,Clear
270,273,2017-04-06,53.47,Light Rain
271,274,2017-04-07,35.86,Light Snow
272,275,2017-04-08,50.87,Clear
273,276,2017-04-09,64.45,Clear
274,277,2017-04-10,75.44,Clear
275,278,2017-04-11,70.69,Overcast
276,279,2017-04-12,58.5,Clear
277,281,2017-04-13,59.54,Clear
278,280,2017-04-14,66.17,Overcast
279,283,2017-04-15,74.62,Clear
280,282,2017-04-16,75.08,Mostly Cloudy
281,284,2017-04-17,64.9,Clear
282,285,2017-04-18,68.37,Clear
283,286,2017-04-19,67.82,Overcast
284,287,2017-04-20,75.12,Clear
285,288,2017-04-21,63.92,Mostly Cloudy
286,293,2017-04-22,50.78,Mostly Cloudy
287,290,2017-04-23,60.12,Clear
288,292,2017-04-24,60.37,Overcast
289,291,2017-04-25,59.65,Mostly Cloudy
290,294,2017-04-26,69.4,Clear
291,295,2017-04-27,79.17,Clear
292,297,2017-04-28,67.62,Clear
293,296,2017-04-29,71.15,Mostly Cloudy
294,298,2017-04-30,82.87,Clear
295,300,2017-05-01,75.72,Mostly Cloudy
296,299,2017-05-02,56.44,Overcast
297,301,2017-05-03,52.1,Overcast
298,302,2017-05-04,62.46,Partly Cloudy
299,303,2017-05-05,68.49,Overcast
300,304,2017-05-06,46.63,Drizzle
301,306,2017-05-07,53.81,Mostly Cloudy
302,305,2017-05-08,53.09,Partly Cloudy
303,307,2017-05-09,59.5,Clear
304,308,2017-05-10,66.48,Clear
305,309,2017-05-11,57.32,Light Rain
306,311,2017-05-12,56.7,Overcast
307,310,2017-05-13,56.07,Overcast
308,314,2017-05-14,65.45,Partly Cloudy
309,312,2017-05-15,61.86,Clear
310,313,2017-05-16,75.32,Clear
311,315,2017-05-17,83.78,Clear
312,316,2017-05-18,83.07,Clear
313,319,2017-05-19,79.62,Mostly Cloudy
314,317,2017-05-20,65.87,Overcast
315,318,2017-05-21,77.14,Overcast
316,321,2017-05-22,65.71,Mostly Cloudy
317,320,2017-05-23,68.06,Clear
318,323,2017-05-24,64.8,Drizzle
319,322,2017-05-25,61.54,Drizzle
320,325,2017-05-26,62.56,Overcast
321,324,2017-05-27,64.08,Overcast
322,326,2017-05-28,72.49,Overcast
323,328,2017-05-29,74.24,Mostly Cloudy
324,327,2017-05-30,76.12,Mostly Cloudy
325,329,2017-05-31,73.8,Clear
326,330,2017-06-01,70.54,Clear
327,333,2017-06-02,73.61,Clear
328,332,2017-06-03,76.47,Clear
329,336,2017-06-04,80.19,Clear
330,334,2017-06-05,69.02,Partly Cloudy
331,335,2017-06-06,63.47,Overcast
332,338,2017-06-07,59.39,Overcast
333,337,2017-06-08,67.45,Mostly Cloudy
334,339,2017-06-09,73.23,Clear
335,340,2017-06-10,76.81,Clear
336,341,2017-06-11,82.25,Clear
337,342,2017-06-12,85.27,Partly Cloudy
338,343,2017-06-13,86.4,Humid and Mostly Cloudy
339,344,2017-06-14,82.12,Mostly Cloudy
340,345,2017-06-15,82.89,Clear
341,346,2017-06-16,80.14,Overcast
342,347,2017-06-17,82.86,Clear
343,349,2017-06-18,85.25,Clear
344,350,2017-06-19,69.5,Overcast
345,351,2017-06-20,74.93,Clear
346,352,2017-06-21,78.63,Partly Cloudy
347,353,2017-06-22,81.05,Mostly Cloudy
348,354,2017-06-23,74.21,Light Rain
349,355,2017-06-24,76.36,Clear
350,358,2017-06-25,73.42,Partly Cloudy
351,356,2017-06-26,71.32,Mostly Cloudy
352,357,2017-06-27,66.46,Mostly Cloudy
353,359,2017-06-28,73.21,Clear
354,360,2017-06-29,80.1,Clear
355,362,2017-06-30,81.69,Mostly Cloudy
356,363,2017-07-01,76.71,Overcast
357,361,2017-07-02,81.42,Clear
358,365,2017-07-03,82.05,Clear
359,364,2017-07-04,81.53,Mostly Cloudy
360,366,2017-07-05,84.03,Clear
361,367,2017-07-06,78.53,Mostly Cloudy
362,371,2017-07-07,76.65,Drizzle
363,368,2017-07-08,73.26,Overcast
364,375,2017-07-09,75.52,Clear
365,369,2017-07-10,77.41,Clear
366,377,2017-07-11,80.74,Partly Cloudy
367,373,2017-07-12,79.51,Partly Cloudy
368,372,2017-07-13,76.43,Light Rain
369,376,2017-07-14,79.26,Humid and Mostly Cloudy
370,380,2017-07-15,76.22,Mostly Cloudy
371,374,2017-07-16,78.68,Mostly Cloudy
372,379,2017-07-17,82.23,Mostly Cloudy
373,378,2017-07-18,83.73,Partly Cloudy
374,381,2017-07-19,86.75,Partly Cloudy
375,382,2017-07-20,85.24,Partly Cloudy
376,384,2017-07-21,84.32,Humid and Mostly Cloudy
377,383,2017-07-22,72.66,Rain
378,385,2017-07-23,76.45,Drizzle
379,387,2017-07-24,76.21,Mostly Cloudy
380,386,2017-07-25,68.04,Overcast
381,388,2017-07-26,77.84,Clear
382,389,2017-07-27,80.45,Clear
383,391,2017-07-28,76.2,Overcast
384,390,2017-07-29,61.52,Drizzle
385,392,2017-07-30,77.07,Clear
386,393,2017-07-31,80.42,Clear
387,394,2017-08-01,81.59,Clear
388,395,2017-08-02,82.44,Partly Cloudy
389,396,2017-08-03,81.07,Clear
390,399,2017-08-04,83.16,Clear
391,398,2017-08-05,67.08,Mostly Cloudy
392,397,2017-08-06,68.59,Clear
393,401,2017-08-07,66.61,Overcast
394,400,2017-08-08,72.13,Clear
395,403,2017-08-09,76.35,Clear
396,402,2017-08-10,75.98,Partly Cloudy
397,404,2017-08-11,77.19,Overcast
398,405,2017-08-12,75.38,Overcast
399,406,2017-08-13,73.8,Mostly Cloudy
400,409,2017-08-14,72.09,Clear
401,407,2017-08-15,80.35,Mostly Cloudy
402,408,2017-08-16,81.01,Clear
403,410,2017-08-17,85.03,Clear
404,411,2017-08-18,76.37,Drizzle
405,412,2017-08-19,78.47,Clear
406,414,2017-08-20,78.46,Clear
407,413,2017-08-21,83.56,Humid
408,415,2017-08-22,84.72,Humid
409,416,2017-08-23,73.41,Mostly Cloudy
410,417,2017-08-24,73.67,Mostly Cloudy
411,418,2017-08-25,68.87,Mostly Cloudy
412,419,2017-08-26,70.76,Clear
413,420,2017-08-27,75.18,Mostly Cloudy
414,421,2017-08-28,72.23,Mostly Cloudy
415,423,2017-08-29,70.6,Clear
416,424,2017-08-30,73.27,Mostly Cloudy
417,425,2017-08-31,76.06,Mostly Cloudy
418,426,2017-09-01,59.59,Clear
419,431,2017-09-02,66.5,Mostly Cloudy
420,428,2017-09-03,65.38,Overcast
421,427,2017-09-04,76.42,Clear
422,430,2017-09-05,68.28,Light Rain
423,429,2017-09-06,64.79,Mostly Cloudy
424,432,2017-09-07,61.48,Mostly Cloudy
425,433,2017-09-08,65.33,Mostly Cloudy
426,434,2017-09-09,63.76,Mostly Cloudy
427,438,2017-09-10,63.92,Clear
428,436,2017-09-11,68.07,Clear
429,435,2017-09-12,68.37,Clear
430,437,2017-09-13,77.02,Mostly Cloudy
431,439,2017-09-14,66.56,Mostly Cloudy
432,440,2017-09-15,69.29,Overcast
433,442,2017-09-16,76.34,Clear
434,441,2017-09-17,77.85,Mostly Cloudy
435,445,2017-09-18,79.35,Clear
436,444,2017-09-19,77.47,Clear
437,446,2017-09-20,79.65,Clear
438,447,2017-09-21,79.95,Clear
439,443,2017-09-22,79.27,Clear
440,448,2017-09-23,79.59,Clear
441,450,2017-09-24,82.88,Clear
442,449,2017-09-25,82.9,Clear
443,451,2017-09-26,83.82,Clear
444,452,2017-09-27,83.79,Clear
445,453,2017-09-28,66.37,Mostly Cloudy
446,454,2017-09-29,65.74,Clear
447,455,2017-09-30,57.68,Overcast
448,457,2017-10-01,60.89,Clear
449,456,2017-10-02,67.81,Clear
450,458,2017-10-03,72.54,Clear
451,460,2017-10-04,74.49,Clear
452,459,2017-10-05,68.99,Mostly Cloudy
453,461,2017-10-06,70.1,Overcast
454,462,2017-10-07,76.09,Clear
455,463,2017-10-08,71.68,Mostly Cloudy
456,464,2017-10-09,74.31,Overcast
457,466,2017-10-10,74.7,Partly Cloudy
458,465,2017-10-11,72.08,Overcast
459,467,2017-10-12,65.13,Overcast
460,468,2017-10-13,70.39,Mostly Cloudy
461,469,2017-10-14,72.78,Clear
462,470,2017-10-15,77.25,Mostly Cloudy
463,473,2017-10-16,54.48,Overcast
464,472,2017-10-17,56.92,Clear
465,471,2017-10-18,64.15,Clear
466,474,2017-10-19,65.73,Clear
467,476,2017-10-20,66.67,Clear
468,475,2017-10-21,72.51,Clear
469,477,2017-10-22,72.72,Clear
470,478,2017-10-23,67.41,Mostly Cloudy
471,479,2017-10-24,58.27,Overcast
472,480,2017-10-25,45.43,Overcast
473,481,2017-10-26,47.89,Mostly Cloudy
474,484,2017-10-27,64.79,Clear
475,482,2017-10-28,58.74,Drizzle
476,483,2017-10-29,39.68,Drizzle
477,485,2017-10-30,44.94,Overcast
478,486,2017-10-31,44.64,Overcast
479,487,2017-11-01,43.72,Drizzle
480,488,2017-11-02,57.82,Drizzle
481,491,2017-11-03,60.48,Overcast
482,489,2017-11-04,57.18,Clear
483,492,2017-11-05,65.03,Light Rain
484,490,2017-11-06,53.47,Drizzle
485,494,2017-11-07,39.38,Light Rain
486,493,2017-11-08,45.31,Partly Cloudy
487,498,2017-11-09,49.82,Partly Cloudy
488,496,2017-11-10,32.09,Overcast
489,495,2017-11-11,36.05,Clear
490,497,2017-11-12,48.35,Clear
491,500,2017-11-13,41.87,Overcast
492,499,2017-11-14,44.01,Overcast
493,502,2017-11-15,47.64,Clear
494,501,2017-11-16,42.6,Overcast
495,503,2017-11-17,42.52,Partly Cloudy
496,504,2017-11-18,46.58,Light Rain
497,505,2017-11-19,39.04,Overcast
498,507,2017-11-20,38.62,Clear
499,506,2017-11-21,54.26,Clear
500,508,2017-11-22,36.44,Overcast
501,510,2017-11-23,37.95,Clear
502,509,2017-11-24,49.66,Clear
503,512,2017-11-25,56.62,Partly Cloudy
504,511,2017-11-26,42.62,Clear
505,513,2017-11-27,48.98,Clear
506,514,2017-11-28,62.16,Clear
507,515,2017-11-29,56.91,Clear
508,516,2017-11-30,61.09,Clear
509,517,2017-12-01,44.83,Mostly Cloudy
510,518,2017-12-02,40.72,Clear
511,521,2017-12-03,49.32,Clear
512,520,2017-12-04,54.58,Clear
513,519,2017-12-05,50.43,Light Rain
514,522,2017-12-06,40.01,Clear
515,525,2017-12-07,38.39,Overcast
516,524,2017-12-08,26.79,Partly Cloudy
517,526,2017-12-09,34.16,Clear
518,527,2017-12-10,31.16,Overcast
519,528,2017-12-11,37.45,Clear
520,530,2017-12-12,30.67,Overcast
521,529,2017-12-13,23.75,Overcast
522,531,2017-12-14,27.27,Overcast
523,532,2017-12-15,26.82,Overcast
524,534,2017-12-16,37.15,Overcast
525,533,2017-12-17,41.34,Clear
526,536,2017-12-18,42.73,Overcast
527,535,2017-12-19,49.98,Mostly Cloudy
528,537,2017-12-20,41.23,Clear
529,538,2017-12-21,40.17,Clear
530,539,2017-12-22,54.8,Overcast
531,540,2017-12-23,47.47,Light Rain
532,541,2017-12-24,36.45,Mostly Cloudy
533,542,2017-12-25,23.4,Overcast
534,543,2017-12-26,21.85,Overcast
535,544,2017-12-27,16.15,Clear
536,545,2017-12-28,14.93,Clear
537,546,2017-12-29,18.9,Overcast
538,547,2017-12-30,19.63,Overcast
539,548,2017-12-31,11.07,Foggy
540,550,2018-01-01,12.8,Partly Cloudy
541,549,2018-01-02,11.18,Mostly Cloudy
542,551,2018-01-03,21.38,Clear
543,552,2018-01-04,16.09,Overcast
544,553,2018-01-05,7.27,Mostly Cloudy
545,554,2018-01-06,10.92,Clear
546,555,2018-01-07,17.37,Clear
547,556,2018-01-08,34.86,Light Snow
548,557,2018-01-09,37.11,Overcast
549,558,2018-01-10,43.83,Overcast
550,560,2018-01-11,60.45,Mostly Cloudy
551,559,2018-01-12,61.64,Mostly Cloudy
552,564,2018-01-13,18.4,Mostly Cloudy
553,561,2018-01-14,16.83,Partly Cloudy
554,562,2018-01-15,23.51,Overcast
555,563,2018-01-16,30.32,Overcast
556,565,2018-01-17,12.99,Overcast
557,566,2018-01-18,22.79,Clear
558,568,2018-01-19,34.69,Clear
559,567,2018-01-20,46.6,Clear
560,569,2018-01-21,47.73,Overcast
561,570,2018-01-22,61.23,Mostly Cloudy
562,572,2018-01-23,45.83,Overcast
563,571,2018-01-24,30.57,Overcast
564,573,2018-01-25,28.92,Overcast
565,574,2018-01-26,49.68,Clear
566,575,2018-01-27,53.86,Overcast
567,576,2018-01-28,45.65,Clear
568,577,2018-01-29,38.55,Mostly Cloudy
569,578,2018-01-30,20.83,Overcast
570,579,2018-01-31,31.08,Clear
571,580,2018-02-01,46.62,Overcast
572,581,2018-02-02,16.31,Overcast
573,582,2018-02-03,24.26,Overcast
574,583,2018-02-04,34.8,Snow
575,584,2018-02-05,21.46,Overcast
576,585,2018-02-06,29.09,Overcast
577,586,2018-02-07,32.98,Light Rain
578,588,2018-02-08,24.92,Overcast
579,589,2018-02-09,33.62,Mostly Cloudy
580,587,2018-02-10,50.09,Overcast
581,590,2018-02-11,51.71,Drizzle
582,591,2018-02-12,33.77,Flurries
583,592,2018-02-13,37.81,Clear
584,593,2018-02-14,51.03,Overcast
585,594,2018-02-15,61.72,Overcast
586,595,2018-02-16,43.51,Light Rain
587,596,2018-02-17,36.24,Partly Cloudy
588,597,2018-02-18,38.02,Drizzle
589,598,2018-02-19,55.71,Light Rain
590,599,2018-02-20,75.16,Clear
591,600,2018-02-21,71.71,Overcast
592,602,2018-02-22,40.01,Rain
593,601,2018-02-23,56.4,Light Rain
594,603,2018-02-24,48.96,Light Rain
595,604,2018-02-25,57.38,Drizzle
596,605,2018-02-26,47.19,Clear
597,607,2018-02-27,53.83,Clear
598,608,2018-02-28,62.68,Clear
599,610,2018-03-01,50.61,Light Rain
600,609,2018-03-02,38.05,Overcast
601,611,2018-03-03,38.99,Clear
602,613,2018-03-04,39.75,Clear
603,612,2018-03-05,36.81,Clear
604,614,2018-03-06,42.94,Overcast
605,617,2018-03-07,38.93,Overcast
606,615,2018-03-08,31.85,Overcast
607,616,2018-03-09,30.07,Overcast
608,618,2018-03-10,37.67,Partly Cloudy
609,619,2018-03-11,35.84,Clear
610,622,2018-03-12,34.02,Overcast
611,621,2018-03-13,32.5,Overcast
612,620,2018-03-14,28.47,Overcast
613,625,2018-03-15,40.36,Mostly Cloudy
614,623,2018-03-16,30.42,Mostly Cloudy
615,624,2018-03-17,32.12,Overcast
616,630,2018-03-18,42.53,Clear
617,627,2018-03-19,50.05,Clear
618,628,2018-03-20,34.7,Light Rain
619,629,2018-03-21,32.18,Flurries
620,626,2018-03-22,35.17,Clear
621,631,2018-03-23,38.38,Mostly Cloudy
622,632,2018-03-24,37.72,Clear
623,635,2018-03-25,34.29,Clear
624,634,2018-03-26,47.28,Clear
625,633,2018-03-27,40.3,Rain
626,636,2018-03-28,55.04,Light Rain
627,639,2018-03-29,61.28,Light Rain
628,638,2018-03-30,39.35,Light Rain
629,637,2018-03-31,48.06,Clear
630,642,2018-04-01,41.41,Mostly Cloudy
631,641,2018-04-02,38.44,Light Rain
632,640,2018-04-03,51.34,Rain
633,643,2018-04-04,40.8,Overcast
634,644,2018-04-05,37.43,Mostly Cloudy
635,646,2018-04-06,51.44,Overcast
636,647,2018-04-07,33.39,Light Snow
637,649,2018-04-08,36.34,Overcast
638,648,2018-04-09,35.56,Overcast
639,650,2018-04-10,41.59,Clear
640,651,2018-04-11,48.18,Partly Cloudy
641,652,2018-04-12,65.51,Partly Cloudy
642,653,2018-04-13,77.12,Clear
643,654,2018-04-14,79.04,Clear
644,656,2018-04-15,73.99,Clear
645,657,2018-04-16,40.43,Drizzle
646,655,2018-04-17,34.28,Overcast
647,658,2018-04-18,44.47,Clear
648,661,2018-04-19,37.35,Overcast
649,659,2018-04-20,46.88,Clear
650,660,2018-04-21,52.09,Clear
651,662,2018-04-22,62.95,Clear
652,663,2018-04-23,68.84,Clear
653,665,2018-04-24,52.86,Light Rain
654,664,2018-04-25,59.15,Overcast
655,668,2018-04-26,53.04,Clear
656,666,2018-04-27,62.83,Mostly Cloudy
657,667,2018-04-28,59.12,Mostly Cloudy
658,673,2018-04-29,40.08,Overcast
659,670,2018-04-30,60.49,Clear
660,672,2018-05-01,72.43,Clear
661,671,2018-05-02,79.56,Clear
662,675,2018-05-03,81.11,Mostly Cloudy
663,679,2018-05-04,74.76,Overcast
664,677,2018-05-05,68.85,Clear
665,678,2018-05-06,57.96,Overcast
666,674,2018-05-07,67.36,Overcast
667,676,2018-05-08,73.68,Clear
668,680,2018-05-09,78.04,Clear
669,682,2018-05-10,74.07,Overcast
670,681,2018-05-11,64.77,Mostly Cloudy
671,684,2018-05-12,82.06,Clear
672,683,2018-05-13,67.82,Mostly Cloudy
673,685,2018-05-14,79.44,Mostly Cloudy
674,687,2018-05-15,83.96,Clear
675,686,2018-05-16,73.99,Overcast
676,692,2018-05-17,71.29,Overcast
677,694,2018-05-18,72.52,Overcast
678,693,2018-05-19,74.91,Mostly Cloudy
679,691,2018-05-20,74.49,Mostly Cloudy
680,689,2018-05-21,76.54,Clear
681,690,2018-05-22,70.6,Drizzle
682,695,2018-05-23,65.69,Mostly Cloudy
683,696,2018-05-24,77.36,Clear
684,697,2018-05-25,80.25,Clear
685,701,2018-05-26,83.57,Clear
686,699,2018-05-27,76.65,Overcast
687,700,2018-05-28,83.36,Clear
688,698,2018-05-29,83.52,Clear
689,702,2018-05-30,82.43,Mostly Cloudy
690,708,2018-05-31,74.94,Overcast
691,704,2018-06-01,73.92,Overcast
692,707,2018-06-02,71.46,Overcast
693,705,2018-06-03,76.58,Mostly Cloudy
694,706,2018-06-04,67.52,Overcast
695,703,2018-06-05,67.37,Overcast
696,709,2018-06-06,57.6,Overcast
697,710,2018-06-07,67.7,Clear
698,712,2018-06-08,74.58,Mostly Cloudy
699,711,2018-06-09,81.17,Clear
700,715,2018-06-10,75.03,Overcast
701,716,2018-06-11,65.66,Mostly Cloudy
702,714,2018-06-12,76.78,Partly Cloudy
703,717,2018-06-13,73.57,Overcast
704,718,2018-06-14,76.84,Clear
705,723,2018-06-15,77.36,Clear
706,719,2018-06-16,81.21,Clear
707,724,2018-06-17,81.51,Mostly Cloudy
708,720,2018-06-18,86.83,Humid
709,722,2018-06-19,83.18,Humid and Mostly Cloudy
710,721,2018-06-20,81.31,Mostly Cloudy
711,726,2018-06-21,71.56,Overcast
712,727,2018-06-22,,
713,728,2018-06-23,73.99,Light Rain
714,730,2018-06-24,77.97,Mostly Cloudy
715,725,2018-06-25,74.58,Mostly Cloudy
716,729,2018-06-26,76.19,Mostly Cloudy
717,731,2018-06-27,72.21,Overcast
718,732,2018-06-28,,
719,734,2018-06-29,83.3,Clear
720,733,2018-06-30,86.39,Clear
721,738,2018-07-01,88.06,Clear
722,735,2018-07-02,86.42,Humid
723,736,2018-07-03,85.75,Clear
724,737,2018-07-04,90.99,Humid
725,739,2018-07-05,83.43,Mostly Cloudy
726,740,2018-07-06,74.48,Overcast
727,742,2018-07-07,74.03,Clear
728,743,2018-07-08,77.44,Clear
729,746,2018-07-09,81.49,Clear
730,744,2018-07-10,84.52,Clear
731,745,2018-07-11,78.35,Clear
732,748,2018-07-12,80.05,Clear
733,747,2018-07-13,83.56,Clear
734,750,2018-07-14,85.74,Clear
735,749,2018-07-15,82.49,Partly Cloudy
736,752,2018-07-16,85.74,Clear
737,751,2018-07-17,80.06,Humid and Mostly Cloudy
738,755,2018-07-18,74.41,Mostly Cloudy
739,753,2018-07-19,79.76,Clear
740,754,2018-07-20,84.22,Clear
741,760,2018-07-21,75.98,Overcast
742,757,2018-07-22,74.45,Overcast
743,759,2018-07-23,79.06,Mostly Cloudy
744,756,2018-07-24,,
745,758,2018-07-25,76.88,Mostly Cloudy
746,761,2018-07-26,78.71,Partly Cloudy
747,764,2018-07-27,74.93,Mostly Cloudy
748,766,2018-07-28,75.48,Mostly Cloudy
749,765,2018-07-29,77.72,Partly Cloudy
750,762,2018-07-30,70.82,Light Rain
751,763,2018-07-31,80.51,Clear
752,767,2018-08-01,74.99,Overcast
753,768,2018-08-02,74.81,Mostly Cloudy
754,770,2018-08-03,75.86,Overcast
755,769,2018-08-04,81.76,Partly Cloudy
756,772,2018-08-05,82.99,Partly Cloudy
757,771,2018-08-06,86.21,Partly Cloudy
758,773,2018-08-07,81.23,Mostly Cloudy
759,774,2018-08-08,75.36,Overcast
760,775,2018-08-09,78.32,Mostly Cloudy
761,777,2018-08-10,81.06,Overcast
762,776,2018-08-11,76.15,Mostly Cloudy
763,779,2018-08-12,76.34,Clear
764,778,2018-08-13,80.79,Clear
765,780,2018-08-14,73.75,Overcast
766,781,2018-08-15,80.26,Clear
767,788,2018-08-16,82.83,Clear
768,785,2018-08-17,77.48,Overcast
769,783,2018-08-18,77.58,Mostly Cloudy
770,782,2018-08-19,73.65,Clear
771,784,2018-08-20,79.85,Mostly Cloudy
772,786,2018-08-21,79.4,Mostly Cloudy
773,787,2018-08-22,72.78,Mostly Cloudy
774,789,2018-08-23,72.49,Clear
775,791,2018-08-24,76.09,Clear
776,790,2018-08-25,73.41,Clear
777,792,2018-08-26,75.14,Overcast
778,793,2018-08-27,84.96,Humid and Mostly Cloudy
779,794,2018-08-28,85.96,Clear
780,796,2018-08-29,86.7,Clear
781,795,2018-08-30,78.4,Overcast
782,797,2018-08-31,81.18,Mostly Cloudy
783,804,2018-09-01,81.32,Overcast
784,802,2018-09-02,84.07,Partly Cloudy
785,805,2018-09-03,86.9,Clear
786,798,2018-09-04,89.53,Clear
787,800,2018-09-05,88.87,Clear
788,803,2018-09-06,85.51,Mostly Cloudy
789,801,2018-09-07,78.71,Mostly Cloudy
790,799,2018-09-08,65.32,Overcast
791,809,2018-09-09,59.06,Rain
792,806,2018-09-10,65.05,Rain
793,807,2018-09-11,67.19,Overcast
794,808,2018-09-12,70.61,Drizzle
795,811,2018-09-13,81.95,Mostly Cloudy
796,810,2018-09-14,82.73,Mostly Cloudy
797,813,2018-09-15,80.06,Mostly Cloudy
798,814,2018-09-16,79.81,Clear
799,812,2018-09-17,71.63,Light Rain
800,815,2018-09-18,74.61,Overcast
801,816,2018-09-19,76.24,Partly Cloudy
802,821,2018-09-20,82.41,Clear
803,817,2018-09-21,84.39,Clear
804,819,2018-09-22,66.76,Partly Cloudy
805,822,2018-09-23,63.55,Clear
806,818,2018-09-24,67.65,Mostly Cloudy
807,820,2018-09-25,72.27,Clear
808,823,2018-09-26,74.88,Mostly Cloudy
809,824,2018-09-27,63.72,Partly Cloudy
810,825,2018-09-28,64.69,Mostly Cloudy
811,829,2018-09-29,64.14,Mostly Cloudy
812,828,2018-09-30,71.51,Clear
813,826,2018-10-01,76.82,Clear
814,827,2018-10-02,74.64,Overcast
815,832,2018-10-03,71.9,Overcast
816,833,2018-10-04,76.61,Overcast
817,830,2018-10-05,64.65,Overcast
818,831,2018-10-06,81.5,Partly Cloudy
819,835,2018-10-07,80.99,Clear
820,834,2018-10-08,83.21,Clear
821,838,2018-10-09,81.02,Clear
822,836,2018-10-10,80.31,Clear
823,837,2018-10-11,71.12,Light Rain
824,839,2018-10-12,50.46,Overcast
825,840,2018-10-13,44.98,Overcast
826,843,2018-10-14,50.31,Overcast
827,841,2018-10-15,65.56,Overcast
828,842,2018-10-16,48.09,Clear
829,844,2018-10-17,52.89,Partly Cloudy
830,845,2018-10-18,46.41,Clear
831,847,2018-10-19,53.75,Clear
832,846,2018-10-20,52.3,Overcast
833,850,2018-10-21,40.05,Overcast
834,848,2018-10-22,51.06,Clear
835,849,2018-10-23,57.21,Clear
836,851,2018-10-24,46.07,Overcast
837,852,2018-10-25,46.16,Clear
838,853,2018-10-26,49.55,Mostly Cloudy
839,854,2018-10-27,48.16,Drizzle
840,857,2018-10-28,46.74,Overcast
841,856,2018-10-29,45.88,Overcast
842,855,2018-10-30,53,Clear
843,858,2018-10-31,67.47,Partly Cloudy
844,859,2018-11-01,67.98,Overcast
845,863,2018-11-02,52.94,Overcast
846,862,2018-11-03,44.48,Clear
847,864,2018-11-04,56.54,Clear
848,860,2018-11-05,62.39,Overcast
849,861,2018-11-06,61.81,Overcast
850,865,2018-11-07,52.99,Clear
851,866,2018-11-08,44.69,Clear
852,867,2018-11-09,44.98,Rain
853,868,2018-11-10,32.43,Mostly Cloudy
854,869,2018-11-11,39.2,Clear
855,870,2018-11-12,44.58,Clear
856,872,2018-11-13,38.4,Overcast
857,871,2018-11-14,33.81,Clear
858,874,2018-11-15,35.48,Light Rain
859,873,2018-11-16,31.66,Overcast
860,876,2018-11-17,40.64,Overcast
861,880,2018-11-18,49.94,Clear
862,875,2018-11-19,44.7,Overcast
863,878,2018-11-20,36.66,Overcast
864,877,2018-11-21,35.49,Overcast
865,879,2018-11-22,27.33,Overcast
866,882,2018-11-23,43.69,Clear
867,881,2018-11-24,46.89,Light Rain
868,884,2018-11-25,52.51,Mostly Cloudy
869,883,2018-11-26,45.85,Light Rain
870,885,2018-11-27,29.69,Overcast
871,886,2018-11-28,26.27,Overcast
872,888,2018-11-29,32.3,Mostly Cloudy
873,889,2018-11-30,40.63,Drizzle
874,890,2018-12-01,43.85,Drizzle
875,887,2018-12-02,64.12,Clear
876,891,2018-12-03,44.33,Overcast
877,895,2018-12-04,35.39,Overcast
878,896,2018-12-05,32.04,Overcast
879,894,2018-12-06,35.66,Mostly Cloudy
880,897,2018-12-07,31.82,Mostly Cloudy
881,893,2018-12-08,28.91,Overcast
882,892,2018-12-09,32.61,Clear
883,900,2018-12-10,25.58,Overcast
884,899,2018-12-11,32.52,Clear
885,901,2018-12-12,39.23,Clear
886,902,2018-12-13,47.64,Mostly Cloudy
887,903,2018-12-14,51.76,Overcast
888,905,2018-12-15,50.2,Light Rain
889,908,2018-12-16,42.11,Drizzle
890,907,2018-12-17,43.3,Mostly Cloudy
891,906,2018-12-18,35.71,Mostly Cloudy
892,904,2018-12-19,41.69,Clear
893,910,2018-12-20,49.77,Clear
894,911,2018-12-21,44.9,Light Rain
895,912,2018-12-22,35.15,Overcast
896,909,2018-12-23,43.21,Clear
897,914,2018-12-24,36.55,Overcast
898,917,2018-12-25,34.95,Mostly Cloudy
899,913,2018-12-26,44.11,Clear
900,919,2018-12-27,48.06,Clear
901,920,2018-12-28,60.86,Overcast
902,923,2018-12-29,35.21,Overcast
903,921,2018-12-30,39.11,Overcast
904,925,2018-12-31,42.64,Light Rain
905,922,2019-01-01,,
